"","id","timestamp","revisits","durations","timeunits","radius"
"1","7M (E of Mud Lake colt)",2015-07-14 00:00:50,1,335.666944444444,"hours",561
"2","7M (E of Mud Lake colt)",2015-07-14 00:33:44,1,335.666944444444,"hours",561
"3","7M (E of Mud Lake colt)",2015-07-14 01:04:08,1,335.666944444444,"hours",561
"4","7M (E of Mud Lake colt)",2015-07-14 01:35:22,1,335.666944444444,"hours",561
"5","7M (E of Mud Lake colt)",2015-07-14 02:11:15,1,335.666944444444,"hours",561
"6","7M (E of Mud Lake colt)",2015-07-14 02:42:33,1,335.666944444444,"hours",561
"7","7M (E of Mud Lake colt)",2015-07-14 03:11:44,1,335.666944444444,"hours",561
"8","7M (E of Mud Lake colt)",2015-07-14 03:42:07,1,335.666944444444,"hours",561
"9","7M (E of Mud Lake colt)",2015-07-14 04:12:44,1,335.666944444444,"hours",561
"10","7M (E of Mud Lake colt)",2015-07-14 04:43:14,1,335.666944444444,"hours",561
"11","7M (E of Mud Lake colt)",2015-07-14 05:14:50,1,335.666944444444,"hours",561
"12","7M (E of Mud Lake colt)",2015-07-14 05:44:16,1,335.666944444444,"hours",561
"13","7M (E of Mud Lake colt)",2015-07-14 06:14:39,1,335.666944444444,"hours",561
"14","7M (E of Mud Lake colt)",2015-07-14 06:45:14,1,335.666944444444,"hours",561
"15","7M (E of Mud Lake colt)",2015-07-14 07:15:37,1,335.666944444444,"hours",561
"16","7M (E of Mud Lake colt)",2015-07-14 07:46:02,1,335.666944444444,"hours",561
"17","7M (E of Mud Lake colt)",2015-07-14 08:17:39,1,335.666944444444,"hours",561
"18","7M (E of Mud Lake colt)",2015-07-14 08:47:14,1,335.666944444444,"hours",561
"19","7M (E of Mud Lake colt)",2015-07-14 09:17:44,1,335.666944444444,"hours",561
"20","7M (E of Mud Lake colt)",2015-07-14 09:48:14,1,335.666944444444,"hours",561
"21","7M (E of Mud Lake colt)",2015-07-14 10:18:38,1,335.666944444444,"hours",561
"22","7M (E of Mud Lake colt)",2015-07-14 10:49:02,1,335.666944444444,"hours",561
"23","7M (E of Mud Lake colt)",2015-07-14 11:19:14,1,335.666944444444,"hours",561
"24","7M (E of Mud Lake colt)",2015-07-14 11:49:38,1,335.666944444444,"hours",561
"25","7M (E of Mud Lake colt)",2015-07-14 12:20:15,1,335.666944444444,"hours",561
"26","7M (E of Mud Lake colt)",2015-07-14 12:51:03,1,335.666944444444,"hours",561
"27","7M (E of Mud Lake colt)",2015-07-14 13:21:38,1,335.666944444444,"hours",561
"28","7M (E of Mud Lake colt)",2015-07-14 13:52:31,1,335.666944444444,"hours",561
"29","7M (E of Mud Lake colt)",2015-07-14 14:23:01,1,335.666944444444,"hours",561
"30","7M (E of Mud Lake colt)",2015-07-14 14:54:32,1,335.666944444444,"hours",561
"31","7M (E of Mud Lake colt)",2015-07-14 15:25:09,1,335.666944444444,"hours",561
"32","7M (E of Mud Lake colt)",2015-07-14 16:25:37,1,335.666944444444,"hours",561
"33","7M (E of Mud Lake colt)",2015-07-14 16:57:00,1,335.666944444444,"hours",561
"34","7M (E of Mud Lake colt)",2015-07-14 17:26:38,1,335.666944444444,"hours",561
"35","7M (E of Mud Lake colt)",2015-07-14 17:57:14,1,335.666944444444,"hours",561
"36","7M (E of Mud Lake colt)",2015-07-14 18:28:33,1,335.666944444444,"hours",561
"37","7M (E of Mud Lake colt)",2015-07-14 18:58:32,1,335.666944444444,"hours",561
"38","7M (E of Mud Lake colt)",2015-07-14 19:30:08,1,335.666944444444,"hours",561
"39","7M (E of Mud Lake colt)",2015-07-14 20:31:13,1,335.666944444444,"hours",561
"40","7M (E of Mud Lake colt)",2015-07-14 21:31:37,1,335.666944444444,"hours",561
"41","7M (E of Mud Lake colt)",2015-07-14 22:03:16,1,335.666944444444,"hours",561
"42","7M (E of Mud Lake colt)",2015-07-14 22:33:52,1,335.666944444444,"hours",561
"43","7M (E of Mud Lake colt)",2015-07-14 23:34:37,1,335.666944444444,"hours",561
"44","7M (E of Mud Lake colt)",2015-07-15 00:33:44,1,335.666944444444,"hours",561
"45","7M (E of Mud Lake colt)",2015-07-15 01:04:06,1,335.666944444444,"hours",561
"46","7M (E of Mud Lake colt)",2015-07-15 01:34:32,1,335.666944444444,"hours",561
"47","7M (E of Mud Lake colt)",2015-07-15 02:04:45,1,335.666944444444,"hours",561
"48","7M (E of Mud Lake colt)",2015-07-15 02:08:09,1,335.666944444444,"hours",561
"49","7M (E of Mud Lake colt)",2015-07-15 10:48:43,1,335.666944444444,"hours",561
"50","7M (E of Mud Lake colt)",2015-07-15 11:20:02,1,335.666944444444,"hours",561
"51","7M (E of Mud Lake colt)",2015-07-15 11:50:39,1,335.666944444444,"hours",561
"52","7M (E of Mud Lake colt)",2015-07-15 12:32:02,1,335.666944444444,"hours",561
"53","7M (E of Mud Lake colt)",2015-07-15 13:02:41,1,335.666944444444,"hours",561
"54","7M (E of Mud Lake colt)",2015-07-15 13:33:13,1,335.666944444444,"hours",561
"55","7M (E of Mud Lake colt)",2015-07-15 14:02:44,1,335.666944444444,"hours",561
"56","7M (E of Mud Lake colt)",2015-07-15 14:34:20,1,335.666944444444,"hours",561
"57","7M (E of Mud Lake colt)",2015-07-15 15:04:58,1,335.666944444444,"hours",561
"58","7M (E of Mud Lake colt)",2015-07-15 15:34:39,1,335.666944444444,"hours",561
"59","7M (E of Mud Lake colt)",2015-07-15 16:06:15,1,335.666944444444,"hours",561
"60","7M (E of Mud Lake colt)",2015-07-15 16:36:38,1,335.666944444444,"hours",561
"61","7M (E of Mud Lake colt)",2015-07-15 17:06:35,1,335.666944444444,"hours",561
"62","7M (E of Mud Lake colt)",2015-07-15 17:37:46,1,335.666944444444,"hours",561
"63","7M (E of Mud Lake colt)",2015-07-15 18:08:23,1,335.666944444444,"hours",561
"64","7M (E of Mud Lake colt)",2015-07-15 18:38:08,1,335.666944444444,"hours",561
"65","7M (E of Mud Lake colt)",2015-07-15 19:40:22,1,335.666944444444,"hours",561
"66","7M (E of Mud Lake colt)",2015-07-15 20:10:33,1,335.666944444444,"hours",561
"67","7M (E of Mud Lake colt)",2015-07-15 20:41:07,1,335.666944444444,"hours",561
"68","7M (E of Mud Lake colt)",2015-07-15 21:10:37,1,335.666944444444,"hours",561
"69","7M (E of Mud Lake colt)",2015-07-15 21:41:02,1,335.666944444444,"hours",561
"70","7M (E of Mud Lake colt)",2015-07-15 22:11:15,1,335.666944444444,"hours",561
"71","7M (E of Mud Lake colt)",2015-07-15 23:12:44,1,335.666944444444,"hours",561
"72","7M (E of Mud Lake colt)",2015-07-15 23:44:21,1,335.666944444444,"hours",561
"73","7M (E of Mud Lake colt)",2015-07-16 00:33:15,1,335.666944444444,"hours",561
"74","7M (E of Mud Lake colt)",2015-07-16 01:04:09,1,335.666944444444,"hours",561
"75","7M (E of Mud Lake colt)",2015-07-16 01:34:32,1,335.666944444444,"hours",561
"76","7M (E of Mud Lake colt)",2015-07-16 02:05:15,1,335.666944444444,"hours",561
"77","7M (E of Mud Lake colt)",2015-07-16 09:45:38,1,335.666944444444,"hours",561
"78","7M (E of Mud Lake colt)",2015-07-16 10:46:31,1,335.666944444444,"hours",561
"79","7M (E of Mud Lake colt)",2015-07-16 10:50:13,1,335.666944444444,"hours",561
"80","7M (E of Mud Lake colt)",2015-07-16 11:20:38,1,335.666944444444,"hours",561
"81","7M (E of Mud Lake colt)",2015-07-16 11:52:14,1,335.666944444444,"hours",561
"82","7M (E of Mud Lake colt)",2015-07-16 12:52:37,1,335.666944444444,"hours",561
"83","7M (E of Mud Lake colt)",2015-07-16 13:24:13,1,335.666944444444,"hours",561
"84","7M (E of Mud Lake colt)",2015-07-16 13:54:44,1,335.666944444444,"hours",561
"85","7M (E of Mud Lake colt)",2015-07-16 14:24:09,1,335.666944444444,"hours",561
"86","7M (E of Mud Lake colt)",2015-07-16 14:55:45,1,335.666944444444,"hours",561
"87","7M (E of Mud Lake colt)",2015-07-16 15:56:14,1,335.666944444444,"hours",561
"88","7M (E of Mud Lake colt)",2015-07-16 16:27:05,1,335.666944444444,"hours",561
"89","7M (E of Mud Lake colt)",2015-07-16 16:58:08,1,335.666944444444,"hours",561
"90","7M (E of Mud Lake colt)",2015-07-16 17:28:02,1,335.666944444444,"hours",561
"91","7M (E of Mud Lake colt)",2015-07-16 17:58:13,1,335.666944444444,"hours",561
"92","7M (E of Mud Lake colt)",2015-07-16 18:29:02,1,335.666944444444,"hours",561
"93","7M (E of Mud Lake colt)",2015-07-16 18:59:31,1,335.666944444444,"hours",561
"94","7M (E of Mud Lake colt)",2015-07-16 19:29:45,1,335.666944444444,"hours",561
"95","7M (E of Mud Lake colt)",2015-07-16 20:01:21,1,335.666944444444,"hours",561
"96","7M (E of Mud Lake colt)",2015-07-16 20:31:08,1,335.666944444444,"hours",561
"97","7M (E of Mud Lake colt)",2015-07-16 21:02:00,1,335.666944444444,"hours",561
"98","7M (E of Mud Lake colt)",2015-07-16 21:32:15,1,335.666944444444,"hours",561
"99","7M (E of Mud Lake colt)",2015-07-16 22:34:29,1,335.666944444444,"hours",561
"100","7M (E of Mud Lake colt)",2015-07-16 23:05:08,1,335.666944444444,"hours",561
"101","7M (E of Mud Lake colt)",2015-07-17 01:03:38,1,335.666944444444,"hours",561
"102","7M (E of Mud Lake colt)",2015-07-17 01:34:38,1,335.666944444444,"hours",561
"103","7M (E of Mud Lake colt)",2015-07-17 10:47:14,1,335.666944444444,"hours",561
"104","7M (E of Mud Lake colt)",2015-07-17 10:52:15,1,335.666944444444,"hours",561
"105","7M (E of Mud Lake colt)",2015-07-17 11:22:38,1,335.666944444444,"hours",561
"106","7M (E of Mud Lake colt)",2015-07-17 12:24:14,1,335.666944444444,"hours",561
"107","7M (E of Mud Lake colt)",2015-07-17 12:55:50,1,335.666944444444,"hours",561
"108","7M (E of Mud Lake colt)",2015-07-17 13:56:07,1,335.666944444444,"hours",561
"109","7M (E of Mud Lake colt)",2015-07-17 14:26:32,1,335.666944444444,"hours",561
"110","7M (E of Mud Lake colt)",2015-07-17 14:57:02,1,335.666944444444,"hours",561
"111","7M (E of Mud Lake colt)",2015-07-17 15:27:43,1,335.666944444444,"hours",561
"112","7M (E of Mud Lake colt)",2015-07-17 16:29:58,1,335.666944444444,"hours",561
"113","7M (E of Mud Lake colt)",2015-07-17 17:00:03,1,335.666944444444,"hours",561
"114","7M (E of Mud Lake colt)",2015-07-17 17:31:39,1,335.666944444444,"hours",561
"115","7M (E of Mud Lake colt)",2015-07-17 18:33:46,1,335.666944444444,"hours",561
"116","7M (E of Mud Lake colt)",2015-07-17 19:04:23,1,335.666944444444,"hours",561
"117","7M (E of Mud Lake colt)",2015-07-17 19:35:01,1,335.666944444444,"hours",561
"118","7M (E of Mud Lake colt)",2015-07-17 20:36:02,1,335.666944444444,"hours",561
"119","7M (E of Mud Lake colt)",2015-07-17 21:05:45,1,335.666944444444,"hours",561
"120","7M (E of Mud Lake colt)",2015-07-17 21:36:12,1,335.666944444444,"hours",561
"121","7M (E of Mud Lake colt)",2015-07-17 22:07:13,1,335.666944444444,"hours",561
"122","7M (E of Mud Lake colt)",2015-07-17 22:37:03,1,335.666944444444,"hours",561
"123","7M (E of Mud Lake colt)",2015-07-17 23:08:38,1,335.666944444444,"hours",561
"124","7M (E of Mud Lake colt)",2015-07-18 00:33:44,1,335.666944444444,"hours",561
"125","7M (E of Mud Lake colt)",2015-07-18 01:04:44,1,335.666944444444,"hours",561
"126","7M (E of Mud Lake colt)",2015-07-18 01:34:17,1,335.666944444444,"hours",561
"127","7M (E of Mud Lake colt)",2015-07-18 02:04:40,1,335.666944444444,"hours",561
"128","7M (E of Mud Lake colt)",2015-07-18 02:35:16,1,335.666944444444,"hours",561
"129","7M (E of Mud Lake colt)",2015-07-18 03:05:39,1,335.666944444444,"hours",561
"130","7M (E of Mud Lake colt)",2015-07-18 03:36:09,1,335.666944444444,"hours",561
"131","7M (E of Mud Lake colt)",2015-07-18 04:06:32,1,335.666944444444,"hours",561
"132","7M (E of Mud Lake colt)",2015-07-18 04:36:52,1,335.666944444444,"hours",561
"133","7M (E of Mud Lake colt)",2015-07-18 05:07:10,1,335.666944444444,"hours",561
"134","7M (E of Mud Lake colt)",2015-07-18 05:37:32,1,335.666944444444,"hours",561
"135","7M (E of Mud Lake colt)",2015-07-18 06:08:04,1,335.666944444444,"hours",561
"136","7M (E of Mud Lake colt)",2015-07-18 06:38:16,1,335.666944444444,"hours",561
"137","7M (E of Mud Lake colt)",2015-07-18 07:08:45,1,335.666944444444,"hours",561
"138","7M (E of Mud Lake colt)",2015-07-18 07:39:09,1,335.666944444444,"hours",561
"139","7M (E of Mud Lake colt)",2015-07-18 08:09:30,1,335.666944444444,"hours",561
"140","7M (E of Mud Lake colt)",2015-07-18 08:40:09,1,335.666944444444,"hours",561
"141","7M (E of Mud Lake colt)",2015-07-18 09:10:14,1,335.666944444444,"hours",561
"142","7M (E of Mud Lake colt)",2015-07-18 09:40:44,1,335.666944444444,"hours",561
"143","7M (E of Mud Lake colt)",2015-07-18 10:11:02,1,335.666944444444,"hours",561
"144","7M (E of Mud Lake colt)",2015-07-18 10:41:15,1,335.666944444444,"hours",561
"145","7M (E of Mud Lake colt)",2015-07-18 10:51:57,1,335.666944444444,"hours",561
"146","7M (E of Mud Lake colt)",2015-07-18 11:23:10,1,335.666944444444,"hours",561
"147","7M (E of Mud Lake colt)",2015-07-18 11:53:04,1,335.666944444444,"hours",561
"148","7M (E of Mud Lake colt)",2015-07-19 12:39:33,1,335.666944444444,"hours",561
"149","7M (E of Mud Lake colt)",2015-07-19 13:41:38,1,335.666944444444,"hours",561
"150","7M (E of Mud Lake colt)",2015-07-19 14:11:40,1,335.666944444444,"hours",561
"151","7M (E of Mud Lake colt)",2015-07-19 14:41:33,1,335.666944444444,"hours",561
"152","7M (E of Mud Lake colt)",2015-07-19 15:12:39,1,335.666944444444,"hours",561
"153","7M (E of Mud Lake colt)",2015-07-19 15:42:04,1,335.666944444444,"hours",561
"154","7M (E of Mud Lake colt)",2015-07-19 17:44:14,1,335.666944444444,"hours",561
"155","7M (E of Mud Lake colt)",2015-07-19 18:14:39,1,335.666944444444,"hours",561
"156","7M (E of Mud Lake colt)",2015-07-19 18:45:44,1,335.666944444444,"hours",561
"157","7M (E of Mud Lake colt)",2015-07-20 12:26:45,1,335.666944444444,"hours",561
"158","7M (E of Mud Lake colt)",2015-07-20 12:57:10,1,335.666944444444,"hours",561
"159","7M (E of Mud Lake colt)",2015-07-20 13:28:39,1,335.666944444444,"hours",561
"160","7M (E of Mud Lake colt)",2015-07-20 15:31:11,1,335.666944444444,"hours",561
"161","7M (E of Mud Lake colt)",2015-07-20 16:32:26,1,335.666944444444,"hours",561
"162","7M (E of Mud Lake colt)",2015-07-20 17:02:45,1,335.666944444444,"hours",561
"163","7M (E of Mud Lake colt)",2015-07-20 17:32:33,1,335.666944444444,"hours",561
"164","7M (E of Mud Lake colt)",2015-07-20 18:03:15,1,335.666944444444,"hours",561
"165","7M (E of Mud Lake colt)",2015-07-20 18:34:14,1,335.666944444444,"hours",561
"166","7M (E of Mud Lake colt)",2015-07-20 19:03:38,1,335.666944444444,"hours",561
"167","7M (E of Mud Lake colt)",2015-07-20 20:36:16,1,335.666944444444,"hours",561
"168","7M (E of Mud Lake colt)",2015-07-20 21:06:53,1,335.666944444444,"hours",561
"169","7M (E of Mud Lake colt)",2015-07-20 22:07:38,1,335.666944444444,"hours",561
"170","7M (E of Mud Lake colt)",2015-07-20 22:37:09,1,335.666944444444,"hours",561
"171","7M (E of Mud Lake colt)",2015-07-20 23:08:45,1,335.666944444444,"hours",561
"172","7M (E of Mud Lake colt)",2015-07-20 23:39:20,1,335.666944444444,"hours",561
"173","7M (E of Mud Lake colt)",2015-07-21 00:32:15,1,335.666944444444,"hours",561
"174","7M (E of Mud Lake colt)",2015-07-21 01:02:45,1,335.666944444444,"hours",561
"175","7M (E of Mud Lake colt)",2015-07-21 01:34:04,1,335.666944444444,"hours",561
"176","7M (E of Mud Lake colt)",2015-07-21 02:03:05,1,335.666944444444,"hours",561
"177","7M (E of Mud Lake colt)",2015-07-21 02:32:33,1,335.666944444444,"hours",561
"178","7M (E of Mud Lake colt)",2015-07-21 03:02:43,1,335.666944444444,"hours",561
"179","7M (E of Mud Lake colt)",2015-07-21 03:33:09,1,335.666944444444,"hours",561
"180","7M (E of Mud Lake colt)",2015-07-21 04:03:34,1,335.666944444444,"hours",561
"181","7M (E of Mud Lake colt)",2015-07-21 04:33:44,1,335.666944444444,"hours",561
"182","7M (E of Mud Lake colt)",2015-07-21 05:04:08,1,335.666944444444,"hours",561
"183","7M (E of Mud Lake colt)",2015-07-21 05:34:34,1,335.666944444444,"hours",561
"184","7M (E of Mud Lake colt)",2015-07-21 06:04:45,1,335.666944444444,"hours",561
"185","7M (E of Mud Lake colt)",2015-07-21 06:35:10,1,335.666944444444,"hours",561
"186","7M (E of Mud Lake colt)",2015-07-21 07:05:34,1,335.666944444444,"hours",561
"187","7M (E of Mud Lake colt)",2015-07-21 07:35:44,1,335.666944444444,"hours",561
"188","7M (E of Mud Lake colt)",2015-07-21 08:06:09,1,335.666944444444,"hours",561
"189","7M (E of Mud Lake colt)",2015-07-21 09:07:15,1,335.666944444444,"hours",561
"190","7M (E of Mud Lake colt)",2015-07-21 09:37:39,1,335.666944444444,"hours",561
"191","7M (E of Mud Lake colt)",2015-07-21 10:08:03,1,335.666944444444,"hours",561
"192","7M (E of Mud Lake colt)",2015-07-21 10:39:09,1,335.666944444444,"hours",561
"193","7M (E of Mud Lake colt)",2015-07-21 10:56:59,1,335.666944444444,"hours",561
"194","7M (E of Mud Lake colt)",2015-07-21 11:27:15,1,335.666944444444,"hours",561
"195","7M (E of Mud Lake colt)",2015-07-21 11:57:50,1,335.666944444444,"hours",561
"196","7M (E of Mud Lake colt)",2015-07-21 12:28:08,1,335.666944444444,"hours",561
"197","7M (E of Mud Lake colt)",2015-07-21 12:58:33,1,335.666944444444,"hours",561
"198","7M (E of Mud Lake colt)",2015-07-21 14:30:26,1,335.666944444444,"hours",561
"199","7M (E of Mud Lake colt)",2015-07-21 15:00:09,1,335.666944444444,"hours",561
"200","7M (E of Mud Lake colt)",2015-07-21 15:31:01,1,335.666944444444,"hours",561
"201","7M (E of Mud Lake colt)",2015-07-21 16:01:14,1,335.666944444444,"hours",561
"202","7M (E of Mud Lake colt)",2015-07-21 16:32:12,1,335.666944444444,"hours",561
"203","7M (E of Mud Lake colt)",2015-07-21 17:01:43,1,335.666944444444,"hours",561
"204","7M (E of Mud Lake colt)",2015-07-21 17:32:39,1,335.666944444444,"hours",561
"205","7M (E of Mud Lake colt)",2015-07-21 18:04:13,1,335.666944444444,"hours",561
"206","7M (E of Mud Lake colt)",2015-07-21 18:34:49,1,335.666944444444,"hours",561
"207","7M (E of Mud Lake colt)",2015-07-21 19:05:02,1,335.666944444444,"hours",561
"208","7M (E of Mud Lake colt)",2015-07-21 19:35:39,1,335.666944444444,"hours",561
"209","7M (E of Mud Lake colt)",2015-07-21 20:06:10,1,335.666944444444,"hours",561
"210","7M (E of Mud Lake colt)",2015-07-21 20:36:44,1,335.666944444444,"hours",561
"211","7M (E of Mud Lake colt)",2015-07-21 21:06:07,1,335.666944444444,"hours",561
"212","7M (E of Mud Lake colt)",2015-07-21 21:36:47,1,335.666944444444,"hours",561
"213","7M (E of Mud Lake colt)",2015-07-21 22:07:14,1,335.666944444444,"hours",561
"214","7M (E of Mud Lake colt)",2015-07-21 22:37:44,1,335.666944444444,"hours",561
"215","7M (E of Mud Lake colt)",2015-07-21 23:08:09,1,335.666944444444,"hours",561
"216","7M (E of Mud Lake colt)",2015-07-21 23:39:45,1,335.666944444444,"hours",561
"217","7M (E of Mud Lake colt)",2015-07-22 00:33:13,1,335.666944444444,"hours",561
"218","7M (E of Mud Lake colt)",2015-07-22 01:04:42,1,335.666944444444,"hours",561
"219","7M (E of Mud Lake colt)",2015-07-22 01:34:44,1,335.666944444444,"hours",561
"220","7M (E of Mud Lake colt)",2015-07-22 03:02:14,1,335.666944444444,"hours",561
"221","7M (E of Mud Lake colt)",2015-07-22 03:32:38,1,335.666944444444,"hours",561
"222","7M (E of Mud Lake colt)",2015-07-22 04:03:08,1,335.666944444444,"hours",561
"223","7M (E of Mud Lake colt)",2015-07-22 04:33:46,1,335.666944444444,"hours",561
"224","7M (E of Mud Lake colt)",2015-07-22 05:04:10,1,335.666944444444,"hours",561
"225","7M (E of Mud Lake colt)",2015-07-22 05:34:33,1,335.666944444444,"hours",561
"226","7M (E of Mud Lake colt)",2015-07-22 06:05:38,1,335.666944444444,"hours",561
"227","7M (E of Mud Lake colt)",2015-07-22 06:35:03,1,335.666944444444,"hours",561
"228","7M (E of Mud Lake colt)",2015-07-22 07:05:39,1,335.666944444444,"hours",561
"229","7M (E of Mud Lake colt)",2015-07-22 07:36:03,1,335.666944444444,"hours",561
"230","7M (E of Mud Lake colt)",2015-07-22 08:06:39,1,335.666944444444,"hours",561
"231","7M (E of Mud Lake colt)",2015-07-22 08:37:43,1,335.666944444444,"hours",561
"232","7M (E of Mud Lake colt)",2015-07-22 09:07:44,1,335.666944444444,"hours",561
"233","7M (E of Mud Lake colt)",2015-07-22 09:37:39,1,335.666944444444,"hours",561
"234","7M (E of Mud Lake colt)",2015-07-22 10:08:14,1,335.666944444444,"hours",561
"235","7M (E of Mud Lake colt)",2015-07-22 10:38:43,1,335.666944444444,"hours",561
"236","7M (E of Mud Lake colt)",2015-07-22 10:56:14,1,335.666944444444,"hours",561
"237","7M (E of Mud Lake colt)",2015-07-22 11:27:03,1,335.666944444444,"hours",561
"238","7M (E of Mud Lake colt)",2015-07-22 11:58:11,1,335.666944444444,"hours",561
"239","7M (E of Mud Lake colt)",2015-07-22 12:31:13,1,335.666944444444,"hours",561
"240","7M (E of Mud Lake colt)",2015-07-22 13:01:39,1,335.666944444444,"hours",561
"241","7M (E of Mud Lake colt)",2015-07-22 13:32:45,1,335.666944444444,"hours",561
"242","7M (E of Mud Lake colt)",2015-07-22 14:03:04,1,335.666944444444,"hours",561
"243","7M (E of Mud Lake colt)",2015-07-22 14:32:38,1,335.666944444444,"hours",561
"244","7M (E of Mud Lake colt)",2015-07-22 15:03:39,1,335.666944444444,"hours",561
"245","7M (E of Mud Lake colt)",2015-07-22 15:33:32,1,335.666944444444,"hours",561
"246","7M (E of Mud Lake colt)",2015-07-22 16:04:44,1,335.666944444444,"hours",561
"247","7M (E of Mud Lake colt)",2015-07-22 16:35:16,1,335.666944444444,"hours",561
"248","7M (E of Mud Lake colt)",2015-07-22 17:05:13,1,335.666944444444,"hours",561
"249","7M (E of Mud Lake colt)",2015-07-22 17:35:39,1,335.666944444444,"hours",561
"250","7M (E of Mud Lake colt)",2015-07-22 18:07:15,1,335.666944444444,"hours",561
"251","7M (E of Mud Lake colt)",2015-07-22 18:37:09,1,335.666944444444,"hours",561
"252","7M (E of Mud Lake colt)",2015-07-22 19:07:44,1,335.666944444444,"hours",561
"253","7M (E of Mud Lake colt)",2015-07-22 19:38:09,1,335.666944444444,"hours",561
"254","7M (E of Mud Lake colt)",2015-07-22 20:08:44,1,335.666944444444,"hours",561
"255","7M (E of Mud Lake colt)",2015-07-22 21:40:46,1,335.666944444444,"hours",561
"256","7M (E of Mud Lake colt)",2015-07-22 22:12:22,1,335.666944444444,"hours",561
"257","7M (E of Mud Lake colt)",2015-07-22 22:41:44,1,335.666944444444,"hours",561
"258","7M (E of Mud Lake colt)",2015-07-22 23:12:14,1,335.666944444444,"hours",561
"259","7M (E of Mud Lake colt)",2015-07-23 00:33:46,1,335.666944444444,"hours",561
"260","7M (E of Mud Lake colt)",2015-07-23 01:04:01,1,335.666944444444,"hours",561
"261","7M (E of Mud Lake colt)",2015-07-23 01:33:40,1,335.666944444444,"hours",561
"262","7M (E of Mud Lake colt)",2015-07-23 02:31:38,1,335.666944444444,"hours",561
"263","7M (E of Mud Lake colt)",2015-07-23 03:01:15,1,335.666944444444,"hours",561
"264","7M (E of Mud Lake colt)",2015-07-23 03:31:43,1,335.666944444444,"hours",561
"265","7M (E of Mud Lake colt)",2015-07-23 04:02:14,1,335.666944444444,"hours",561
"266","7M (E of Mud Lake colt)",2015-07-23 04:32:38,1,335.666944444444,"hours",561
"267","7M (E of Mud Lake colt)",2015-07-23 05:03:03,1,335.666944444444,"hours",561
"268","7M (E of Mud Lake colt)",2015-07-23 05:33:33,1,335.666944444444,"hours",561
"269","7M (E of Mud Lake colt)",2015-07-23 06:04:03,1,335.666944444444,"hours",561
"270","7M (E of Mud Lake colt)",2015-07-23 06:34:39,1,335.666944444444,"hours",561
"271","7M (E of Mud Lake colt)",2015-07-23 07:05:45,1,335.666944444444,"hours",561
"272","7M (E of Mud Lake colt)",2015-07-23 07:36:22,1,335.666944444444,"hours",561
"273","7M (E of Mud Lake colt)",2015-07-23 08:06:36,1,335.666944444444,"hours",561
"274","7M (E of Mud Lake colt)",2015-07-23 08:36:43,1,335.666944444444,"hours",561
"275","7M (E of Mud Lake colt)",2015-07-23 09:06:08,1,335.666944444444,"hours",561
"276","7M (E of Mud Lake colt)",2015-07-23 09:36:32,1,335.666944444444,"hours",561
"277","7M (E of Mud Lake colt)",2015-07-23 10:07:14,1,335.666944444444,"hours",561
"278","7M (E of Mud Lake colt)",2015-07-23 10:38:44,1,335.666944444444,"hours",561
"279","7M (E of Mud Lake colt)",2015-07-23 10:57:39,1,335.666944444444,"hours",561
"280","7M (E of Mud Lake colt)",2015-07-23 11:29:16,1,335.666944444444,"hours",561
"281","7M (E of Mud Lake colt)",2015-07-23 11:58:45,1,335.666944444444,"hours",561
"282","7M (E of Mud Lake colt)",2015-07-23 12:29:37,1,335.666944444444,"hours",561
"283","7M (E of Mud Lake colt)",2015-07-23 13:30:14,1,335.666944444444,"hours",561
"284","7M (E of Mud Lake colt)",2015-07-23 14:00:38,1,335.666944444444,"hours",561
"285","7M (E of Mud Lake colt)",2015-07-23 14:31:01,1,335.666944444444,"hours",561
"286","7M (E of Mud Lake colt)",2015-07-23 15:02:37,1,335.666944444444,"hours",561
"287","7M (E of Mud Lake colt)",2015-07-23 15:32:03,1,335.666944444444,"hours",561
"288","7M (E of Mud Lake colt)",2015-07-23 16:02:14,1,335.666944444444,"hours",561
"289","7M (E of Mud Lake colt)",2015-07-23 16:33:38,1,335.666944444444,"hours",561
"290","7M (E of Mud Lake colt)",2015-07-23 17:03:15,1,335.666944444444,"hours",561
"291","7M (E of Mud Lake colt)",2015-07-23 17:34:01,1,335.666944444444,"hours",561
"292","7M (E of Mud Lake colt)",2015-07-23 18:05:37,1,335.666944444444,"hours",561
"293","7M (E of Mud Lake colt)",2015-07-23 18:36:03,1,335.666944444444,"hours",561
"294","7M (E of Mud Lake colt)",2015-07-23 19:06:09,1,335.666944444444,"hours",561
"295","7M (E of Mud Lake colt)",2015-07-23 21:07:14,1,335.666944444444,"hours",561
"296","7M (E of Mud Lake colt)",2015-07-23 21:38:48,1,335.666944444444,"hours",561
"297","7M (E of Mud Lake colt)",2015-07-23 22:39:43,1,335.666944444444,"hours",561
"298","7M (E of Mud Lake colt)",2015-07-23 23:10:08,1,335.666944444444,"hours",561
"299","7M (E of Mud Lake colt)",2015-07-23 23:40:08,1,335.666944444444,"hours",561
"300","7M (E of Mud Lake colt)",2015-07-24 00:33:14,1,335.666944444444,"hours",561
"301","7M (E of Mud Lake colt)",2015-07-24 01:03:44,1,335.666944444444,"hours",561
"302","7M (E of Mud Lake colt)",2015-07-24 01:35:08,1,335.666944444444,"hours",561
"303","7M (E of Mud Lake colt)",2015-07-24 01:59:38,1,335.666944444444,"hours",561
"304","7M (E of Mud Lake colt)",2015-07-24 02:30:02,1,335.666944444444,"hours",561
"305","7M (E of Mud Lake colt)",2015-07-24 03:00:45,1,335.666944444444,"hours",561
"306","7M (E of Mud Lake colt)",2015-07-24 03:31:09,1,335.666944444444,"hours",561
"307","7M (E of Mud Lake colt)",2015-07-24 04:02:00,1,335.666944444444,"hours",561
"308","7M (E of Mud Lake colt)",2015-07-24 04:32:39,1,335.666944444444,"hours",561
"309","7M (E of Mud Lake colt)",2015-07-24 05:03:13,1,335.666944444444,"hours",561
"310","7M (E of Mud Lake colt)",2015-07-24 05:33:42,1,335.666944444444,"hours",561
"311","7M (E of Mud Lake colt)",2015-07-24 06:05:20,1,335.666944444444,"hours",561
"312","7M (E of Mud Lake colt)",2015-07-24 06:34:45,1,335.666944444444,"hours",561
"313","7M (E of Mud Lake colt)",2015-07-24 07:05:38,1,335.666944444444,"hours",561
"314","7M (E of Mud Lake colt)",2015-07-24 07:36:14,1,335.666944444444,"hours",561
"315","7M (E of Mud Lake colt)",2015-07-24 08:06:44,1,335.666944444444,"hours",561
"316","7M (E of Mud Lake colt)",2015-07-24 08:37:08,1,335.666944444444,"hours",561
"317","7M (E of Mud Lake colt)",2015-07-24 09:07:44,1,335.666944444444,"hours",561
"318","7M (E of Mud Lake colt)",2015-07-24 09:38:13,1,335.666944444444,"hours",561
"319","7M (E of Mud Lake colt)",2015-07-24 10:08:42,1,335.666944444444,"hours",561
"320","7M (E of Mud Lake colt)",2015-07-24 10:39:15,1,335.666944444444,"hours",561
"321","7M (E of Mud Lake colt)",2015-07-24 10:59:11,1,335.666944444444,"hours",561
"322","7M (E of Mud Lake colt)",2015-07-24 11:30:39,1,335.666944444444,"hours",561
"323","7M (E of Mud Lake colt)",2015-07-24 12:31:52,1,335.666944444444,"hours",561
"324","7M (E of Mud Lake colt)",2015-07-24 13:33:08,1,335.666944444444,"hours",561
"325","7M (E of Mud Lake colt)",2015-07-24 14:34:01,1,335.666944444444,"hours",561
"326","7M (E of Mud Lake colt)",2015-07-24 15:04:01,1,335.666944444444,"hours",561
"327","7M (E of Mud Lake colt)",2015-07-24 15:33:43,1,335.666944444444,"hours",561
"328","7M (E of Mud Lake colt)",2015-07-24 16:04:09,1,335.666944444444,"hours",561
"329","7M (E of Mud Lake colt)",2015-07-24 16:34:44,1,335.666944444444,"hours",561
"330","7M (E of Mud Lake colt)",2015-07-24 17:05:08,1,335.666944444444,"hours",561
"331","7M (E of Mud Lake colt)",2015-07-24 17:35:44,1,335.666944444444,"hours",561
"332","7M (E of Mud Lake colt)",2015-07-24 18:06:06,1,335.666944444444,"hours",561
"333","7M (E of Mud Lake colt)",2015-07-24 18:37:42,1,335.666944444444,"hours",561
"334","7M (E of Mud Lake colt)",2015-07-24 19:37:53,1,335.666944444444,"hours",561
"335","7M (E of Mud Lake colt)",2015-07-24 20:08:14,1,335.666944444444,"hours",561
"336","7M (E of Mud Lake colt)",2015-07-24 20:39:32,1,335.666944444444,"hours",561
"337","7M (E of Mud Lake colt)",2015-07-24 21:10:09,1,335.666944444444,"hours",561
"338","7M (E of Mud Lake colt)",2015-07-24 21:40:32,1,335.666944444444,"hours",561
"339","7M (E of Mud Lake colt)",2015-07-24 22:10:37,1,335.666944444444,"hours",561
"340","7M (E of Mud Lake colt)",2015-07-24 22:40:01,1,335.666944444444,"hours",561
"341","7M (E of Mud Lake colt)",2015-07-24 23:10:40,1,335.666944444444,"hours",561
"342","7M (E of Mud Lake colt)",2015-07-24 23:42:14,1,335.666944444444,"hours",561
"343","7M (E of Mud Lake colt)",2015-07-25 00:33:39,1,335.666944444444,"hours",561
"344","7M (E of Mud Lake colt)",2015-07-25 01:04:02,1,335.666944444444,"hours",561
"345","7M (E of Mud Lake colt)",2015-07-25 01:34:38,1,335.666944444444,"hours",561
"346","7M (E of Mud Lake colt)",2015-07-25 01:58:14,1,335.666944444444,"hours",561
"347","7M (E of Mud Lake colt)",2015-07-25 02:29:08,1,335.666944444444,"hours",561
"348","7M (E of Mud Lake colt)",2015-07-25 02:59:38,1,335.666944444444,"hours",561
"349","7M (E of Mud Lake colt)",2015-07-25 03:29:42,1,335.666944444444,"hours",561
"350","7M (E of Mud Lake colt)",2015-07-25 04:00:15,1,335.666944444444,"hours",561
"351","7M (E of Mud Lake colt)",2015-07-25 04:31:44,1,335.666944444444,"hours",561
"352","7M (E of Mud Lake colt)",2015-07-25 05:02:10,1,335.666944444444,"hours",561
"353","7M (E of Mud Lake colt)",2015-07-25 05:32:12,1,335.666944444444,"hours",561
"354","7M (E of Mud Lake colt)",2015-07-25 06:02:30,1,335.666944444444,"hours",561
"355","7M (E of Mud Lake colt)",2015-07-25 06:33:03,1,335.666944444444,"hours",561
"356","7M (E of Mud Lake colt)",2015-07-25 08:03:40,1,335.666944444444,"hours",561
"357","7M (E of Mud Lake colt)",2015-07-25 08:34:14,1,335.666944444444,"hours",561
"358","7M (E of Mud Lake colt)",2015-07-25 09:04:34,1,335.666944444444,"hours",561
"359","7M (E of Mud Lake colt)",2015-07-25 09:36:11,1,335.666944444444,"hours",561
"360","7M (E of Mud Lake colt)",2015-07-25 10:05:32,1,335.666944444444,"hours",561
"361","7M (E of Mud Lake colt)",2015-07-25 10:36:01,1,335.666944444444,"hours",561
"362","7M (E of Mud Lake colt)",2015-07-25 11:00:44,1,335.666944444444,"hours",561
"363","7M (E of Mud Lake colt)",2015-07-25 11:30:40,1,335.666944444444,"hours",561
"364","7M (E of Mud Lake colt)",2015-07-25 12:29:57,1,335.666944444444,"hours",561
"365","7M (E of Mud Lake colt)",2015-07-25 13:01:04,1,335.666944444444,"hours",561
"366","7M (E of Mud Lake colt)",2015-07-25 13:31:08,1,335.666944444444,"hours",561
"367","7M (E of Mud Lake colt)",2015-07-25 14:01:46,1,335.666944444444,"hours",561
"368","7M (E of Mud Lake colt)",2015-07-25 14:31:46,1,335.666944444444,"hours",561
"369","7M (E of Mud Lake colt)",2015-07-25 15:01:11,1,335.666944444444,"hours",561
"370","7M (E of Mud Lake colt)",2015-07-25 15:31:39,1,335.666944444444,"hours",561
"371","7M (E of Mud Lake colt)",2015-07-25 16:02:14,1,335.666944444444,"hours",561
"372","7M (E of Mud Lake colt)",2015-07-25 16:33:49,1,335.666944444444,"hours",561
"373","7M (E of Mud Lake colt)",2015-07-25 17:03:15,1,335.666944444444,"hours",561
"374","7M (E of Mud Lake colt)",2015-07-25 17:33:33,1,335.666944444444,"hours",561
"375","7M (E of Mud Lake colt)",2015-07-25 18:03:46,1,335.666944444444,"hours",561
"376","7M (E of Mud Lake colt)",2015-07-25 18:34:19,1,335.666944444444,"hours",561
"377","7M (E of Mud Lake colt)",2015-07-25 19:04:39,1,335.666944444444,"hours",561
"378","7M (E of Mud Lake colt)",2015-07-25 19:35:13,1,335.666944444444,"hours",561
"379","7M (E of Mud Lake colt)",2015-07-25 20:05:38,1,335.666944444444,"hours",561
"380","7M (E of Mud Lake colt)",2015-07-25 20:36:16,1,335.666944444444,"hours",561
"381","7M (E of Mud Lake colt)",2015-07-25 21:06:46,1,335.666944444444,"hours",561
"382","7M (E of Mud Lake colt)",2015-07-25 21:38:09,1,335.666944444444,"hours",561
"383","7M (E of Mud Lake colt)",2015-07-25 22:08:15,1,335.666944444444,"hours",561
"384","7M (E of Mud Lake colt)",2015-07-25 22:38:23,1,335.666944444444,"hours",561
"385","7M (E of Mud Lake colt)",2015-07-25 23:08:06,1,335.666944444444,"hours",561
"386","7M (E of Mud Lake colt)",2015-07-25 23:38:16,1,335.666944444444,"hours",561
"387","7M (E of Mud Lake colt)",2015-07-26 00:33:15,1,335.666944444444,"hours",561
"388","7M (E of Mud Lake colt)",2015-07-26 01:04:01,1,335.666944444444,"hours",561
"389","7M (E of Mud Lake colt)",2015-07-26 01:34:15,1,335.666944444444,"hours",561
"390","7M (E of Mud Lake colt)",2015-07-26 01:56:44,1,335.666944444444,"hours",561
"391","7M (E of Mud Lake colt)",2015-07-26 02:27:38,1,335.666944444444,"hours",561
"392","7M (E of Mud Lake colt)",2015-07-26 02:58:01,1,335.666944444444,"hours",561
"393","7M (E of Mud Lake colt)",2015-07-26 03:28:15,1,335.666944444444,"hours",561
"394","7M (E of Mud Lake colt)",2015-07-26 03:58:58,1,335.666944444444,"hours",561
"395","7M (E of Mud Lake colt)",2015-07-26 04:29:14,1,335.666944444444,"hours",561
"396","7M (E of Mud Lake colt)",2015-07-26 04:59:37,1,335.666944444444,"hours",561
"397","7M (E of Mud Lake colt)",2015-07-26 05:30:01,1,335.666944444444,"hours",561
"398","7M (E of Mud Lake colt)",2015-07-26 06:01:09,1,335.666944444444,"hours",561
"399","7M (E of Mud Lake colt)",2015-07-26 06:30:33,1,335.666944444444,"hours",561
"400","7M (E of Mud Lake colt)",2015-07-26 07:00:44,1,335.666944444444,"hours",561
"401","7M (E of Mud Lake colt)",2015-07-26 07:31:08,1,335.666944444444,"hours",561
"402","7M (E of Mud Lake colt)",2015-07-26 08:01:32,1,335.666944444444,"hours",561
"403","7M (E of Mud Lake colt)",2015-07-26 08:31:43,1,335.666944444444,"hours",561
"404","7M (E of Mud Lake colt)",2015-07-26 09:02:07,1,335.666944444444,"hours",561
"405","7M (E of Mud Lake colt)",2015-07-26 09:32:31,1,335.666944444444,"hours",561
"406","7M (E of Mud Lake colt)",2015-07-26 10:02:44,1,335.666944444444,"hours",561
"407","7M (E of Mud Lake colt)",2015-07-26 10:33:13,1,335.666944444444,"hours",561
"408","7M (E of Mud Lake colt)",2015-07-26 11:01:39,1,335.666944444444,"hours",561
"409","7M (E of Mud Lake colt)",2015-07-26 11:31:33,1,335.666944444444,"hours",561
"410","7M (E of Mud Lake colt)",2015-07-26 12:30:45,1,335.666944444444,"hours",561
"411","7M (E of Mud Lake colt)",2015-07-26 13:01:09,1,335.666944444444,"hours",561
"412","7M (E of Mud Lake colt)",2015-07-26 13:31:30,1,335.666944444444,"hours",561
"413","7M (E of Mud Lake colt)",2015-07-26 14:01:43,1,335.666944444444,"hours",561
"414","7M (E of Mud Lake colt)",2015-07-26 14:32:08,1,335.666944444444,"hours",561
"415","7M (E of Mud Lake colt)",2015-07-26 15:02:32,1,335.666944444444,"hours",561
"416","7M (E of Mud Lake colt)",2015-07-26 15:33:37,1,335.666944444444,"hours",561
"417","7M (E of Mud Lake colt)",2015-07-26 16:34:40,1,335.666944444444,"hours",561
"418","7M (E of Mud Lake colt)",2015-07-26 17:04:15,1,335.666944444444,"hours",561
"419","7M (E of Mud Lake colt)",2015-07-26 18:06:29,1,335.666944444444,"hours",561
"420","7M (E of Mud Lake colt)",2015-07-26 18:36:09,1,335.666944444444,"hours",561
"421","7M (E of Mud Lake colt)",2015-07-26 19:37:08,1,335.666944444444,"hours",561
"422","7M (E of Mud Lake colt)",2015-07-26 20:07:32,1,335.666944444444,"hours",561
"423","7M (E of Mud Lake colt)",2015-07-26 20:38:15,1,335.666944444444,"hours",561
"424","7M (E of Mud Lake colt)",2015-07-26 21:09:14,1,335.666944444444,"hours",561
"425","7M (E of Mud Lake colt)",2015-07-26 21:39:13,1,335.666944444444,"hours",561
"426","7M (E of Mud Lake colt)",2015-07-26 22:09:38,1,335.666944444444,"hours",561
"427","7M (E of Mud Lake colt)",2015-07-26 22:40:01,1,335.666944444444,"hours",561
"428","7M (E of Mud Lake colt)",2015-07-26 23:10:38,1,335.666944444444,"hours",561
"429","7M (E of Mud Lake colt)",2015-07-26 23:41:42,1,335.666944444444,"hours",561
"430","7M (E of Mud Lake colt)",2015-07-27 00:32:46,1,335.666944444444,"hours",561
"431","7M (E of Mud Lake colt)",2015-07-27 01:03:07,1,335.666944444444,"hours",561
"432","7M (E of Mud Lake colt)",2015-07-27 01:33:31,1,335.666944444444,"hours",561
"433","7M (E of Mud Lake colt)",2015-07-27 01:55:09,1,335.666944444444,"hours",561
"434","7M (E of Mud Lake colt)",2015-07-27 02:26:02,1,335.666944444444,"hours",561
"435","7M (E of Mud Lake colt)",2015-07-27 02:56:13,1,335.666944444444,"hours",561
"436","7M (E of Mud Lake colt)",2015-07-27 03:26:36,1,335.666944444444,"hours",561
"437","7M (E of Mud Lake colt)",2015-07-27 03:57:02,1,335.666944444444,"hours",561
"438","7M (E of Mud Lake colt)",2015-07-27 04:27:15,1,335.666944444444,"hours",561
"439","7M (E of Mud Lake colt)",2015-07-27 04:58:03,1,335.666944444444,"hours",561
"440","7M (E of Mud Lake colt)",2015-07-27 05:28:44,1,335.666944444444,"hours",561
"441","7M (E of Mud Lake colt)",2015-07-27 05:59:07,1,335.666944444444,"hours",561
"442","7M (E of Mud Lake colt)",2015-07-27 06:29:32,1,335.666944444444,"hours",561
"443","7M (E of Mud Lake colt)",2015-07-27 06:59:43,1,335.666944444444,"hours",561
"444","7M (E of Mud Lake colt)",2015-07-27 07:30:08,1,335.666944444444,"hours",561
"445","7M (E of Mud Lake colt)",2015-07-27 08:00:32,1,335.666944444444,"hours",561
"446","7M (E of Mud Lake colt)",2015-07-27 08:30:43,1,335.666944444444,"hours",561
"447","7M (E of Mud Lake colt)",2015-07-27 09:01:08,1,335.666944444444,"hours",561
"448","7M (E of Mud Lake colt)",2015-07-27 09:31:32,1,335.666944444444,"hours",561
"449","7M (E of Mud Lake colt)",2015-07-27 10:02:45,1,335.666944444444,"hours",561
"450","7M (E of Mud Lake colt)",2015-07-27 10:32:09,1,335.666944444444,"hours",561
"451","7M (E of Mud Lake colt)",2015-07-27 11:01:33,1,335.666944444444,"hours",561
"452","7M (E of Mud Lake colt)",2015-07-27 11:31:43,1,335.666944444444,"hours",561
"453","7M (E of Mud Lake colt)",2015-07-27 12:30:44,1,335.666944444444,"hours",561
"454","7M (E of Mud Lake colt)",2015-07-27 13:01:07,1,335.666944444444,"hours",561
"455","7M (E of Mud Lake colt)",2015-07-27 13:31:32,1,335.666944444444,"hours",561
"456","7M (E of Mud Lake colt)",2015-07-27 14:01:45,1,335.666944444444,"hours",561
"457","7M (E of Mud Lake colt)",2015-07-27 14:32:08,1,335.666944444444,"hours",561
"458","7M (E of Mud Lake colt)",2015-07-27 15:02:32,1,335.666944444444,"hours",561
"459","7M (E of Mud Lake colt)",2015-07-27 15:32:45,1,335.666944444444,"hours",561
"460","7M (E of Mud Lake colt)",2015-07-27 16:03:09,1,335.666944444444,"hours",561
"461","7M (E of Mud Lake colt)",2015-07-27 16:33:32,1,335.666944444444,"hours",561
"462","7M (E of Mud Lake colt)",2015-07-27 17:03:45,1,335.666944444444,"hours",561
"463","7M (E of Mud Lake colt)",2015-07-27 17:34:09,1,335.666944444444,"hours",561
"464","7M (E of Mud Lake colt)",2015-07-27 18:04:32,1,335.666944444444,"hours",561
"465","7M (E of Mud Lake colt)",2015-07-27 18:35:10,1,335.666944444444,"hours",561
"466","7M (E of Mud Lake colt)",2015-07-27 19:05:38,1,335.666944444444,"hours",561
"467","7M (E of Mud Lake colt)",2015-07-27 19:36:01,1,335.666944444444,"hours",561
"468","7M (E of Mud Lake colt)",2015-07-27 20:06:30,1,335.666944444444,"hours",561
"469","7M (E of Mud Lake colt)",2015-07-27 20:36:43,1,335.666944444444,"hours",561
"470","7M (E of Mud Lake colt)",2015-07-27 21:07:07,1,335.666944444444,"hours",561
"471","7M (E of Mud Lake colt)",2015-07-27 21:37:30,1,335.666944444444,"hours",561
"472","7M (E of Mud Lake colt)",2015-07-27 22:08:06,1,335.666944444444,"hours",561
"473","7M (E of Mud Lake colt)",2015-07-27 22:39:42,1,335.666944444444,"hours",561
"474","7M (E of Mud Lake colt)",2015-07-27 23:09:14,1,335.666944444444,"hours",561
"475","7M (E of Mud Lake colt)",2015-07-27 23:40:51,1,335.666944444444,"hours",561
